target,accuracy
Ball Playing Defender,0.8857142857142857
Box to Box Midfielder,0.8857142857142857
Goal Poacher,0.8571428571428571
Midfield Playmaker,0.8285714285714286
No Nonsense Defender,0.8857142857142857
Sweeper Keeper,0.9142857142857143
Target Man,0.8285714285714286
Traditional Goalkeeper,0.9428571428571428
